{"solve_time":0.10354208946228027,"optimizer":"Gurobi","termination_status":"OPTIMAL","dual_status":"NO_SOLUTION","primal_status":"FEASIBLE_POINT","objective":181.90908709884084,"solution":{"bus":{"4":{"va":-0.11538621082990363,"phi":-0.09841976715719869},"1":{"va":0.0,"phi":0.09999989917087568},"12":{"va":-0.10970108566473658,"phi":-0.09568299871845526},"2":{"va":-0.10970108566467585,"phi":-0.09568299871845526},"6":{"va":-0.05183847007394471,"phi":0.06388579101715672},"11":{"va":-0.1097010856646462,"phi":-0.09568299871845526},"13":{"va":-0.05183847007394471,"phi":0.06388579101715672},"5":{"va":-0.10697007776219236,"phi":-0.09999714588863028},"7":{"va":-0.05183847007394471,"phi":0.06388579101715672},"8":{"va":-0.05183847007394471,"phi":0.06388579101715672},"10":{"va":-0.05183847007394471,"phi":0.06388579101715672},"9":{"va":-0.10970108566467585,"phi":-0.09568299871845526},"3":{"va":-0.10544401152031442,"phi":-0.09445237774944427}},"branch":{"4":{"qf":-0.011890314363396468,"qt":-0.020198136351680974,"cs":0.9999852664390697,"pt":-0.03296229525137645,"pf":0.03301144119681432},"1":{"qf":0.2648976592654031,"qt":-0.29797403813081186,"cs":0.9987747848448734,"pt":-0.952021464969653,"pf":0.9642737187384074},"5":{"qf":0.027079552005293293,"qt":-0.051158181460295375,"cs":0.9999966124981723,"pt":0.00970577508763895,"pf":-0.009688786472485044},"2":{"qf":0.5864013183468981,"qt":-0.5986581159183452,"cs":0.9949305998918968,"pt":-0.6321436264241573,"pf":0.644817152250001},"6":{"qf":0.012840628345372272,"qt":-0.026279350952866366,"cs":0.999954946320739,"pt":-0.33748931112615005,"pf":0.338390589160034},"7":{"qf":-0.003522512695451232,"qt":-0.03631425346960476,"cs":0.9999676918745553,"pt":0.0296291894924653,"pf":-0.029548393622471764},"3":{"qf":-0.015189237641873807,"qt":-0.01712253402507349,"cs":0.9999917289766098,"pt":0.02335025887638783,"pf":-0.023322654724301683}},"gen":{"1":{"qg":0.8512989776123012,"pg":1.6090908709884084},"2":{"qg":0.027343436013868294,"pg":0.1}},"multinetwork":false,"switch":{"4":{"status":1.0,"psw_to":-0.009688786472485044,"qsw_to":0.027079552005293293,"psw_fr":0.009688786472485044,"qsw_fr":-0.027079552005293293},"1":{"status":0.0,"psw_to":0.0,"qsw_to":0.0,"psw_fr":0.0,"qsw_fr":0.0},"12":{"status":0.0,"psw_to":0.0,"qsw_to":0.0,"psw_fr":0.0,"qsw_fr":0.0},"2":{"status":1.0,"psw_to":-0.023322654724301683,"qsw_to":-0.015189237641873807,"psw_fr":0.023322654724301683,"qsw_fr":0.015189237641873807},"6":{"status":0.0,"psw_to":0.0,"qsw_to":0.0,"psw_fr":0.0,"qsw_fr":0.0},"11":{"status":1.0,"psw_to":0.2,"qsw_to":0.1,"psw_fr":-0.2,"qsw_fr":-0.1},"13":{"status":1.0,"psw_to":-0.952021464969653,"qsw_to":-0.29797403813081186,"psw_fr":0.952021464969653,"qsw_fr":0.29797403813081186},"5":{"status":0.0,"psw_to":0.0,"qsw_to":0.0,"psw_fr":0.0,"qsw_fr":0.0},"15":{"status":0.0,"psw_to":0.0,"qsw_to":0.0,"psw_fr":0.0,"qsw_fr":0.0},"14":{"status":1.0,"psw_to":0.03301144119681432,"qsw_to":-0.011890314363396468,"psw_fr":-0.03301144119681432,"qsw_fr":0.011890314363396468},"7":{"status":1.0,"psw_to":0.852021485174234,"qsw_to":0.22531747414465741,"psw_fr":-0.852021485174234,"qsw_fr":-0.22531747414465741},"8":{"status":0.0,"psw_to":0.0,"qsw_to":0.0,"psw_fr":0.0,"qsw_fr":0.0},"10":{"status":0.0,"psw_to":0.0,"qsw_to":0.0,"psw_fr":0.0,"qsw_fr":0.0},"9":{"status":1.0,"psw_to":-0.1,"qsw_to":-0.027343436013868294,"psw_fr":0.1,"qsw_fr":0.027343436013868294},"3":{"status":0.0,"psw_to":0.0,"qsw_to":0.0,"psw_fr":0.0,"qsw_fr":0.0}},"baseMVA":100,"convdc":{"1":{"cs_vaf":1.0,"qpr_fr":0.23637868999377243,"ppr_fr":0.8520214345049899,"qconv":0.23637880507514164,"iconv":5.732373452501614e-6,"cs_vac":1.0,"pgrid":0.852021485174234,"phi_vmf":0.05311240575769913,"qtf_to":-0.22531644187861843,"phi":0.0,"vaconv":-0.06426195129733703,"pconv":0.8520217259703451,"ptf_to":-0.8520214345049899,"vafilt":-0.05810552051532092,"phi_vmc":0.0422284033369682,"pdc":-0.840991735452485,"qgrid":0.22531747414465741},"2":{"cs_vaf":1.0,"qpr_fr":0.46099650785282076,"ppr_fr":-0.17959718248254708,"qconv":0.4609966197898625,"iconv":5.489637606394339e-6,"cs_vac":1.0,"pgrid":-0.17959721139008877,"phi_vmf":-0.09718581590224615,"qtf_to":-0.45294022417086566,"phi":0.0,"vaconv":-0.09271270253980768,"pconv":-0.17959697850223044,"ptf_to":0.17959718248254708,"vafilt":-0.09911863780758623,"phi_vmc":-0.09999981027529582,"pdc":0.19062698910415588,"qgrid":0.45294003182027065},"3":{"cs_vaf":1.0,"qpr_fr":-0.004396934336745262,"ppr_fr":-0.639334926993596,"qconv":-0.004396815295063361,"iconv":5.173883885215636e-6,"cs_vac":1.0,"pgrid":-0.6393349543579193,"phi_vmf":-0.0934785217851737,"qtf_to":0.012527363901041788,"phi":0.0,"vaconv":-0.09435262548002821,"pconv":-0.639334715770557,"ptf_to":0.639334926993596,"vafilt":-0.10070200376776373,"phi_vmc":-0.08704120436288874,"pdc":0.6503647463483291,"qgrid":-0.012527554847876043}},"per_unit":true,"multiinfrastructure":false,"load":{"4":{"pflex":0.6,"qflex":0.1,"pcurt":0.0},"1":{"pflex":0.2,"qflex":0.1,"pcurt":0.0},"2":{"pflex":0.45,"qflex":0.15,"pcurt":0.0},"3":{"pflex":0.4,"qflex":0.05,"pcurt":0.0}},"branchdc":{"1":{"pt":-0.40285310982111144,"pf":0.40285310982111144},"2":{"pt":-0.21222612071695557,"pf":0.21222612071695557},"3":{"pt":-0.4381386256313735,"pf":0.4381386256313735}},"busdc":{"1":{"phivdcm":0.008827445418851373},"2":{"phivdcm":-0.001646735170720004},"3":{"phivdcm":-0.007164614043582762}}},"objective_lb":181.90054354258461}